unit_number,max_cycle_zscore,zscore_earliest_cycle,zscore_earliest_pct,max_cycle_iso,iso_flag_cycle,iso_flag_pct,max_cycle_lstm,lstm_flag_cycle,lstm_flag_pct
1,192,133,69.27083333333334,192,30.0,15.625,192,179.0,93.22916666666666
2,287,218,75.9581881533101,287,37.0,12.89198606271777,287,264.0,91.98606271777004
3,179,139,77.6536312849162,179,58.0,32.402234636871505,179,174.0,97.20670391061452
4,189,150,79.36507936507937,189,44.0,23.28042328042328,189,68.0,35.978835978835974
5,269,133,49.44237918215613,269,30.0,11.152416356877323,269,202.0,75.09293680297398
6,188,148,78.72340425531915,188,60.0,31.914893617021278,188,159.0,84.57446808510637
7,259,163,62.93436293436293,259,35.0,13.513513513513514,259,121.0,46.71814671814672
8,150,137,91.33333333333333,150,72.0,48.0,150,92.0,61.33333333333333
9,201,168,83.5820895522388,201,83.0,41.29353233830846,201,195.0,97.01492537313433
10,222,134,60.36036036036037,222,50.0,22.52252252252252,222,213.0,95.94594594594594
11,240,185,77.08333333333334,240,50.0,20.833333333333336,240,232.0,96.66666666666667
12,170,129,75.88235294117646,170,43.0,25.294117647058822,170,133.0,78.23529411764706
13,163,135,82.82208588957054,163,51.0,31.28834355828221,163,144.0,88.34355828220859
14,180,126,70.0,180,78.0,43.333333333333336,180,158.0,87.77777777777777
15,207,154,74.39613526570048,207,71.0,34.29951690821256,207,194.0,93.71980676328504
16,209,187,89.47368421052632,209,56.0,26.794258373205743,209,83.0,39.71291866028708
17,276,212,76.81159420289855,276,65.0,23.55072463768116,276,169.0,61.23188405797102
18,195,162,83.07692307692308,195,46.0,23.589743589743588,195,189.0,96.92307692307692
19,158,130,82.27848101265823,158,32.0,20.253164556962027,158,134.0,84.81012658227847
20,234,144,61.53846153846154,234,80.0,34.18803418803419,234,205.0,87.6068376068376
21,195,147,75.38461538461539,195,49.0,25.128205128205128,195,186.0,95.38461538461539
22,202,180,89.10891089108911,202,,,202,163.0,80.6930693069307
23,168,124,73.80952380952381,168,30.0,17.857142857142858,168,154.0,91.66666666666666
24,147,112,76.19047619047619,147,72.0,48.97959183673469,147,83.0,56.4625850340136
25,230,180,78.26086956521739,230,68.0,29.565217391304348,230,209.0,90.8695652173913
26,199,148,74.37185929648241,199,35.0,17.587939698492463,199,166.0,83.41708542713567
27,156,137,87.82051282051282,156,36.0,23.076923076923077,156,144.0,92.3076923076923
28,165,121,73.33333333333333,165,56.0,33.939393939393945,165,159.0,96.36363636363636
29,163,117,71.77914110429448,163,,,163,149.0,91.41104294478528
30,194,150,77.31958762886599,194,34.0,17.525773195876287,194,185.0,95.36082474226805
31,234,169,72.22222222222221,234,44.0,18.803418803418804,234,206.0,88.03418803418803
32,191,124,64.92146596858639,191,37.0,19.3717277486911,191,145.0,75.91623036649214
33,200,131,65.5,200,30.0,15.0,200,186.0,93.0
34,195,168,86.15384615384616,195,59.0,30.256410256410255,195,174.0,89.23076923076924
35,181,136,75.13812154696133,181,38.0,20.994475138121548,181,168.0,92.81767955801105
36,158,102,64.55696202531645,158,37.0,23.417721518987342,158,76.0,48.10126582278481
37,170,142,83.52941176470588,170,40.0,23.52941176470588,170,63.0,37.05882352941177
38,194,150,77.31958762886599,194,58.0,29.896907216494846,194,161.0,82.9896907216495
39,128,102,79.6875,128,66.0,51.5625,128,72.0,56.25
40,188,168,89.36170212765957,188,,,188,162.0,86.17021276595744
41,216,158,73.14814814814815,216,69.0,31.944444444444443,216,78.0,36.11111111111111
42,196,150,76.53061224489795,196,51.0,26.02040816326531,196,174.0,88.77551020408163
43,207,162,78.26086956521739,207,77.0,37.19806763285024,207,190.0,91.78743961352657
44,192,111,57.8125,192,,,192,181.0,94.27083333333334
45,158,117,74.0506329113924,158,58.0,36.708860759493675,158,151.0,95.56962025316456
46,256,198,77.34375,256,41.0,16.015625,256,152.0,59.375
47,214,159,74.29906542056075,214,47.0,21.962616822429908,214,201.0,93.92523364485982
48,231,187,80.95238095238095,231,44.0,19.047619047619047,231,181.0,78.35497835497836
49,215,170,79.06976744186046,215,31.0,14.418604651162791,215,152.0,70.69767441860465
50,198,128,64.64646464646465,198,36.0,18.181818181818183,198,184.0,92.92929292929293
51,213,190,89.2018779342723,213,39.0,18.30985915492958,213,203.0,95.30516431924883
52,213,176,82.62910798122066,213,69.0,32.3943661971831,213,187.0,87.79342723004694
53,195,128,65.64102564102564,195,37.0,18.974358974358974,195,188.0,96.41025641025641
54,257,186,72.37354085603113,257,39.0,15.17509727626459,257,108.0,42.023346303501945
55,193,178,92.2279792746114,193,98.0,50.77720207253886,193,181.0,93.78238341968913
56,275,228,82.9090909090909,275,33.0,12.0,275,223.0,81.0909090909091
57,137,106,77.37226277372264,137,54.0,39.416058394160586,137,42.0,30.656934306569344
58,147,109,74.14965986394559,147,57.0,38.775510204081634,147,135.0,91.83673469387756
59,231,174,75.32467532467533,231,94.0,40.692640692640694,231,204.0,88.31168831168831
60,172,146,84.88372093023256,172,70.0,40.69767441860465,172,166.0,96.51162790697676
61,185,135,72.97297297297297,185,45.0,24.324324324324326,185,174.0,94.05405405405406
62,180,155,86.11111111111111,180,30.0,16.666666666666664,180,142.0,78.88888888888889
63,174,147,84.48275862068965,174,42.0,24.137931034482758,174,168.0,96.55172413793103
64,283,217,76.67844522968198,283,52.0,18.374558303886925,283,252.0,89.04593639575971
65,153,112,73.20261437908496,153,30.0,19.607843137254903,153,145.0,94.77124183006535
66,202,158,78.21782178217822,202,,,202,166.0,82.17821782178217
67,313,217,69.32907348242811,313,53.0,16.93290734824281,313,284.0,90.73482428115017
68,199,152,76.38190954773869,199,63.0,31.65829145728643,199,184.0,92.46231155778895
69,362,234,64.64088397790056,362,51.0,14.088397790055248,362,316.0,87.29281767955801
70,137,110,80.2919708029197,137,,,137,123.0,89.78102189781022
71,208,138,66.34615384615384,208,80.0,38.46153846153847,208,192.0,92.3076923076923
72,213,167,78.40375586854461,213,39.0,18.30985915492958,213,183.0,85.91549295774648
73,213,175,82.15962441314554,213,30.0,14.084507042253522,213,159.0,74.64788732394366
74,166,130,78.3132530120482,166,,,166,161.0,96.98795180722891
75,229,115,50.21834061135371,229,,,229,189.0,82.53275109170306
76,210,162,77.14285714285715,210,85.0,40.476190476190474,210,176.0,83.80952380952381
77,154,126,81.81818181818183,154,30.0,19.480519480519483,154,58.0,37.66233766233766
78,231,165,71.42857142857143,231,30.0,12.987012987012985,231,219.0,94.8051948051948
79,199,152,76.38190954773869,199,,,199,191.0,95.97989949748744
80,185,167,90.27027027027027,185,40.0,21.62162162162162,185,175.0,94.5945945945946
81,240,181,75.41666666666667,240,79.0,32.916666666666664,240,209.0,87.08333333333333
82,214,154,71.96261682242991,214,91.0,42.523364485981304,214,174.0,81.30841121495327
83,293,212,72.35494880546075,293,,,293,262.0,89.419795221843
84,267,203,76.02996254681648,267,38.0,14.232209737827715,267,167.0,62.546816479400746
85,188,157,83.51063829787235,188,40.0,21.27659574468085,188,173.0,92.02127659574468
86,278,205,73.7410071942446,278,31.0,11.151079136690647,278,162.0,58.27338129496403
87,178,124,69.66292134831461,178,35.0,19.662921348314608,178,153.0,85.95505617977528
88,213,163,76.52582159624414,213,42.0,19.718309859154928,213,196.0,92.01877934272301
89,217,173,79.72350230414746,217,92.0,42.3963133640553,217,198.0,91.24423963133641
90,154,121,78.57142857142857,154,29.0,18.83116883116883,154,,
91,135,94,69.62962962962963,135,30.0,22.22222222222222,135,102.0,75.55555555555556
92,341,260,76.24633431085044,341,184.0,53.95894428152492,341,310.0,90.9090909090909
93,155,112,72.25806451612902,155,79.0,50.967741935483865,155,115.0,74.19354838709677
94,258,194,75.1937984496124,258,35.0,13.565891472868216,258,204.0,79.06976744186046
95,283,188,66.43109540636041,283,32.0,11.307420494699647,283,262.0,92.57950530035336
96,336,182,54.166666666666664,336,47.0,13.988095238095239,336,299.0,88.98809523809523
97,202,174,86.13861386138613,202,102.0,50.495049504950494,202,194.0,96.03960396039604
98,156,118,75.64102564102564,156,63.0,40.38461538461539,156,56.0,35.8974358974359
99,185,137,74.05405405405405,185,45.0,24.324324324324326,185,65.0,35.13513513513514
100,200,135,67.5,200,66.0,33.0,200,175.0,87.5
